<?xml version="1.0" encoding="UTF-8"?>
<project-private xmlns="http://www.netbeans.org/ns/project-private/1">
    <editor-bookmarks xmlns="http://www.netbeans.org/ns/editor-bookmarks/2" lastBookmarkId="0"/>
    <open-files xmlns="http://www.netbeans.org/ns/projectui-open-files/2">
        <group>
            <file>file:/W:/MaintenanceManagementSystem/application/controllers/WorkOrders.php</file>
            <file>file:/W:/MaintenanceManagementSystem/application/views/WorkOrders/index.php</file>
            <file>file:/W:/MaintenanceManagementSystem/public/css/style.css</file>
            <file>file:/W:/MaintenanceManagementSystem/application/views/WorkOrders/edit.php</file>
            <file>file:/W:/MaintenanceManagementSystem/application/views/WorkOrders/view.php</file>
            <file>file:/W:/MaintenanceManagementSystem/application/views/WorkOrders/add.php</file>
        </group>
    </open-files>
</project-private>
